{"11":{"id":11,"position":{"x":-6.18000031,"y":3.56000018},"left":3,"center":null,"right":10},"1":{"id":1,"position":{"x":23.7699986,"y":-1.93999994},"left":8,"center":null,"right":2},"2":{"id":2,"position":{"x":23.8999996,"y":7.18000031},"left":6,"center":null,"right":1},"3":{"id":3,"position":{"x":0.480000138,"y":10.6970005},"left":4,"center":9,"right":11},"4":{"id":4,"position":{"x":11.6060009,"y":13.816},"left":3,"center":9,"right":5},"10":{"id":10,"position":{"x":4.28999996,"y":0.529999733},"left":8,"center":11,"right":9},"6":{"id":6,"position":{"x":22.3900013,"y":17.2299995},"left":7,"center":2,"right":5},"5":{"id":5,"position":{"x":13.2800007,"y":20.1299992},"left":4,"center":6,"right":7},"7":{"id":7,"position":{"x":17.8500004,"y":25.2299995},"left":6,"center":null,"right":5},"8":{"id":8,"position":{"x":15.4099998,"y":-1.81999969},"left":1,"center":null,"right":10},"9":{"id":9,"position":{"x":6.82999992,"y":3.14499998},"left":3,"center":10,"right":4}}